IP Address,Is Public,IP Version,Is Whitelisted,Abuse Confidence Score,Country Code,Country Name,Usage Type,ISP,Domain,Hostnames,Is Tor,Total Reports,Distinct Users,Last Reported At
146.190.161.227,true,4,false,100,US,,Data Center/Web Hosting/Transit,"DigitalOcean, LLC",digitalocean.com,,false,287,123,2025-11-12T08:40:04+00:00
134.122.33.82,true,4,false,100,CA,,Data Center/Web Hosting/Transit,"DigitalOcean, LLC",digitalocean.com,,false,300,132,2025-11-12T02:30:34+00:00
137.184.172.57,true,4,false,100,CA,,Data Center/Web Hosting/Transit,"DigitalOcean, LLC",digitalocean.com,,false,314,132,2025-11-12T11:53:57+00:00
138.68.154.198,true,4,false,100,GB,,Data Center/Web Hosting/Transit,"DigitalOcean, LLC",digitalocean.com,,false,302,132,2025-11-12T12:39:44+00:00
159.223.147.52,true,4,false,100,US,,Data Center/Web Hosting/Transit,"DigitalOcean, LLC",digitalocean.com,,false,271,124,2025-11-12T11:38:46+00:00
143.198.72.144,true,4,false,100,US,,Data Center/Web Hosting/Transit,"DigitalOcean, LLC",digitalocean.com,,false,275,123,2025-11-12T00:43:36+00:00
134.199.196.142,true,4,false,100,US,,Data Center/Web Hosting/Transit,"DigitalOcean, LLC",digitalocean.com,,false,158,98,2025-11-11T23:56:38+00:00
64.227.97.195,true,4,false,100,US,,Data Center/Web Hosting/Transit,"DigitalOcean, LLC",digitalocean.com,ce60edefcc.research-scanner.com,false,288,119,2025-11-12T09:26:40+00:00
137.184.166.236,true,4,false,100,CA,,Data Center/Web Hosting/Transit,"DigitalOcean, LLC",digitalocean.com,,false,332,131,2025-11-12T00:18:43+00:00
138.68.90.94,true,4,false,100,DE,,Data Center/Web Hosting/Transit,"DigitalOcean, LLC",digitalocean.com,,false,274,116,2025-11-12T13:42:13+00:00
143.198.72.59,true,4,false,100,US,,Data Center/Web Hosting/Transit,"DigitalOcean, LLC",digitalocean.com,,false,293,127,2025-11-12T10:49:50+00:00
138.68.91.238,true,4,false,100,DE,,Data Center/Web Hosting/Transit,"DigitalOcean, LLC",digitalocean.com,,false,308,125,2025-11-12T10:18:21+00:00
161.35.230.3,true,4,false,100,US,,Data Center/Web Hosting/Transit,"DigitalOcean, LLC",digitalocean.com,7e9f4256ad.research-scanner.com,false,267,120,2025-11-12T07:20:14+00:00
161.35.236.158,true,4,false,100,US,,Data Center/Web Hosting/Transit,"DigitalOcean, LLC",digitalocean.com,796caf3a83.research-scanner.com,false,300,125,2025-11-12T03:06:49+00:00
146.190.161.227,true,4,false,100,US,,Data Center/Web Hosting/Transit,"DigitalOcean, LLC",digitalocean.com,,false,287,123,2025-11-12T08:40:04+00:00
209.38.144.105,true,4,false,100,US,,Data Center/Web Hosting/Transit,"DigitalOcean, LLC",digitalocean.com,,false,282,110,2025-11-12T04:11:35+00:00
159.223.147.52,true,4,false,100,US,,Data Center/Web Hosting/Transit,"DigitalOcean, LLC",digitalocean.com,,false,271,124,2025-11-12T11:38:46+00:00
159.65.89.227,true,4,false,100,GB,,Data Center/Web Hosting/Transit,"DigitalOcean, LLC",digitalocean.com,,false,301,133,2025-11-12T08:08:45+00:00
209.38.136.82,true,4,false,100,US,,Data Center/Web Hosting/Transit,"DigitalOcean, LLC",digitalocean.com,,false,285,112,2025-11-12T08:40:17+00:00
165.232.53.116,true,4,false,100,US,,Data Center/Web Hosting/Transit,"DigitalOcean, LLC",digitalocean.com,,false,159,101,2025-11-12T10:28:24+00:00
146.190.241.52,true,4,false,100,CA,,Data Center/Web Hosting/Transit,"DigitalOcean, LLC",digitalocean.com,,false,284,125,2025-11-12T08:00:49+00:00
64.227.106.112,true,4,false,100,US,,Data Center/Web Hosting/Transit,"DigitalOcean, LLC",digitalocean.com,89c62d59c0.research-scanner.com,false,279,125,2025-11-12T15:11:10+00:00
209.38.136.79,true,4,false,100,US,,Data Center/Web Hosting/Transit,"DigitalOcean, LLC",digitalocean.com,,false,340,128,2025-11-12T11:32:41+00:00
134.199.197.132,true,4,false,100,US,,Data Center/Web Hosting/Transit,"DigitalOcean, LLC",digitalocean.com,,false,141,91,2025-11-12T04:18:50+00:00
142.93.13.246,true,4,false,100,US,,Data Center/Web Hosting/Transit,"DigitalOcean, LLC",digitalocean.com,,false,326,147,2025-11-11T23:47:12+00:00
138.68.84.216,true,4,false,100,DE,,Data Center/Web Hosting/Transit,"DigitalOcean, LLC",digitalocean.com,,false,248,113,2025-11-12T13:31:03+00:00
129.212.186.7,true,4,false,100,US,,Data Center/Web Hosting/Transit,"DigitalOcean, LLC",digitalocean.com,,false,151,98,2025-11-12T12:10:09+00:00
146.190.241.67,true,4,false,100,CA,,Data Center/Web Hosting/Transit,"DigitalOcean, LLC",digitalocean.com,,false,330,132,2025-11-12T04:00:46+00:00
138.68.94.43,true,4,false,100,DE,,Data Center/Web Hosting/Transit,"DigitalOcean, LLC",digitalocean.com,,false,266,121,2025-11-12T07:53:35+00:00
64.227.99.233,true,4,false,100,US,,Data Center/Web Hosting/Transit,"DigitalOcean, LLC",digitalocean.com,3f3e2d2b9e.research-scanner.com,false,284,130,2025-11-12T10:49:42+00:00
174.138.56.158,true,4,false,100,US,,Data Center/Web Hosting/Transit,"DigitalOcean, LLC",digitalocean.com,,false,316,139,2025-11-12T00:48:48+00:00
146.190.241.66,true,4,false,100,CA,,Data Center/Web Hosting/Transit,"DigitalOcean, LLC",digitalocean.com,,false,316,126,2025-11-12T12:11:06+00:00
159.65.179.156,true,4,false,100,US,,Data Center/Web Hosting/Transit,"DigitalOcean, LLC",digitalocean.com,,false,303,136,2025-11-12T00:58:35+00:00
142.93.4.137,true,4,false,100,US,,Data Center/Web Hosting/Transit,"DigitalOcean, LLC",digitalocean.com,,false,299,135,2025-11-12T13:34:25+00:00
143.110.171.108,true,4,false,100,GB,,Data Center/Web Hosting/Transit,"DigitalOcean, LLC",digitalocean.com,,false,291,123,2025-11-12T00:18:56+00:00
134.122.33.82,true,4,false,100,CA,,Data Center/Web Hosting/Transit,"DigitalOcean, LLC",digitalocean.com,,false,300,132,2025-11-12T02:30:34+00:00
146.190.241.56,true,4,false,100,CA,,Data Center/Web Hosting/Transit,"DigitalOcean, LLC",digitalocean.com,,false,304,128,2025-11-12T05:16:19+00:00
104.236.75.167,true,4,false,100,US,,Data Center/Web Hosting/Transit,"DigitalOcean, LLC",digitalocean.com,,false,388,143,2025-11-12T11:28:52+00:00
138.68.91.125,true,4,false,100,DE,,Data Center/Web Hosting/Transit,"DigitalOcean, LLC",digitalocean.com,,false,306,131,2025-11-12T04:00:45+00:00
45.55.130.199,true,4,false,100,US,,Data Center/Web Hosting/Transit,"DigitalOcean, LLC",digitalocean.com,,false,308,145,2025-11-12T01:44:14+00:00
165.232.142.253,true,4,false,100,US,,Data Center/Web Hosting/Transit,"DigitalOcean, LLC",digitalocean.com,,false,275,131,2025-11-12T01:04:26+00:00
165.22.151.195,true,4,false,100,US,,Data Center/Web Hosting/Transit,"DigitalOcean, LLC",digitalocean.com,,false,142,102,2025-11-12T07:07:52+00:00
134.199.197.153,true,4,false,100,US,,Data Center/Web Hosting/Transit,"DigitalOcean, LLC",digitalocean.com,,false,209,105,2025-11-12T06:53:54+00:00
167.172.148.206,true,4,false,100,US,,Data Center/Web Hosting/Transit,"DigitalOcean, LLC",digitalocean.com,6a90b8ed7a.research-scanner.com,false,299,132,2025-11-12T02:38:03+00:00
164.92.86.252,true,4,false,100,US,,Data Center/Web Hosting/Transit,"DigitalOcean, LLC",digitalocean.com,,false,296,129,2025-11-12T11:07:26+00:00
134.199.197.132,true,4,false,100,US,,Data Center/Web Hosting/Transit,"DigitalOcean, LLC",digitalocean.com,,false,141,91,2025-11-12T04:18:50+00:00
138.68.132.209,true,4,false,100,GB,,Data Center/Web Hosting/Transit,"DigitalOcean, LLC",digitalocean.com,db-mongodb-lon1-30254-25ee8184.mongo.ondigitalocean.com,false,361,146,2025-11-12T00:36:43+00:00
174.138.52.189,true,4,false,100,US,,Data Center/Web Hosting/Transit,"DigitalOcean, LLC",digitalocean.com,,false,309,135,2025-11-12T11:05:33+00:00
146.190.241.72,true,4,false,100,CA,,Data Center/Web Hosting/Transit,"DigitalOcean, LLC",digitalocean.com,,false,318,133,2025-11-11T23:45:31+00:00
138.68.94.43,true,4,false,100,DE,,Data Center/Web Hosting/Transit,"DigitalOcean, LLC",digitalocean.com,,false,266,121,2025-11-12T07:53:35+00:00
157.245.252.5,true,4,false,100,US,,Data Center/Web Hosting/Transit,"DigitalOcean, LLC",digitalocean.com,cad207fa80.research-scanner.com,false,322,142,2025-11-12T12:31:07+00:00
134.209.1.122,true,4,false,100,US,,Data Center/Web Hosting/Transit,"DigitalOcean, LLC",digitalocean.com,,false,132,81,2025-11-12T13:13:34+00:00
138.68.131.233,true,4,false,100,GB,,Data Center/Web Hosting/Transit,"DigitalOcean, LLC",digitalocean.com,,false,344,145,2025-11-12T00:18:41+00:00
129.212.190.51,true,4,false,100,US,,Data Center/Web Hosting/Transit,"DigitalOcean, LLC",digitalocean.com,,false,210,108,2025-11-12T05:00:18+00:00
159.65.89.227,true,4,false,100,GB,,Data Center/Web Hosting/Transit,"DigitalOcean, LLC",digitalocean.com,,false,301,133,2025-11-12T08:08:45+00:00
157.245.252.5,true,4,false,100,US,,Data Center/Web Hosting/Transit,"DigitalOcean, LLC",digitalocean.com,cad207fa80.research-scanner.com,false,322,142,2025-11-12T12:31:07+00:00
167.71.102.95,true,4,false,100,US,,Data Center/Web Hosting/Transit,"DigitalOcean, LLC",digitalocean.com,ce57f6dd6d.research-scanner.com,false,297,138,2025-11-12T11:28:55+00:00
164.92.86.252,true,4,false,100,US,,Data Center/Web Hosting/Transit,"DigitalOcean, LLC",digitalocean.com,,false,296,129,2025-11-12T11:07:26+00:00
146.190.241.70,true,4,false,100,CA,,Data Center/Web Hosting/Transit,"DigitalOcean, LLC",digitalocean.com,,false,336,138,2025-11-12T13:14:03+00:00
159.65.187.4,true,4,false,100,US,,Data Center/Web Hosting/Transit,"DigitalOcean, LLC",digitalocean.com,,false,302,120,2025-11-12T12:10:10+00:00
142.93.4.137,true,4,false,100,US,,Data Center/Web Hosting/Transit,"DigitalOcean, LLC",digitalocean.com,,false,299,135,2025-11-12T13:34:25+00:00
159.203.62.212,true,4,false,100,CA,,Data Center/Web Hosting/Transit,"DigitalOcean, LLC",digitalocean.com,,false,312,140,2025-11-11T23:33:35+00:00
142.93.3.113,true,4,false,100,US,,Data Center/Web Hosting/Transit,"DigitalOcean, LLC",digitalocean.com,,false,339,154,2025-11-11T22:03:34+00:00
138.68.92.186,true,4,false,100,DE,,Data Center/Web Hosting/Transit,"DigitalOcean, LLC",digitalocean.com,,false,298,125,2025-11-12T12:10:10+00:00
167.99.119.168,true,4,false,100,US,,Data Center/Web Hosting/Transit,"DigitalOcean, LLC",digitalocean.com,0cb6c95368.research-scanner.com,false,266,119,2025-11-12T10:38:18+00:00
159.203.30.22,true,4,false,100,CA,,Data Center/Web Hosting/Transit,"DigitalOcean, LLC",digitalocean.com,,false,256,109,2025-11-11T20:10:01+00:00
138.68.90.94,true,4,false,100,DE,,Data Center/Web Hosting/Transit,"DigitalOcean, LLC",digitalocean.com,,false,274,116,2025-11-12T13:42:13+00:00
138.68.132.211,true,4,false,100,GB,,Data Center/Web Hosting/Transit,"DigitalOcean, LLC",digitalocean.com,,false,292,133,2025-11-12T04:00:11+00:00
143.198.72.144,true,4,false,100,US,,Data Center/Web Hosting/Transit,"DigitalOcean, LLC",digitalocean.com,,false,275,123,2025-11-12T00:43:36+00:00
159.65.89.227,true,4,false,100,GB,,Data Center/Web Hosting/Transit,"DigitalOcean, LLC",digitalocean.com,,false,301,133,2025-11-12T08:08:45+00:00
146.190.241.52,true,4,false,100,CA,,Data Center/Web Hosting/Transit,"DigitalOcean, LLC",digitalocean.com,,false,284,125,2025-11-12T08:00:49+00:00
138.68.94.43,true,4,false,100,DE,,Data Center/Web Hosting/Transit,"DigitalOcean, LLC",digitalocean.com,,false,266,121,2025-11-12T07:53:35+00:00
134.122.41.182,true,4,false,100,CA,,Data Center/Web Hosting/Transit,"DigitalOcean, LLC",digitalocean.com,,false,254,110,2025-11-12T10:50:04+00:00
209.38.136.74,true,4,false,100,US,,Data Center/Web Hosting/Transit,"DigitalOcean, LLC",digitalocean.com,,false,305,136,2025-11-12T00:10:20+00:00
146.190.241.71,true,4,false,100,CA,,Data Center/Web Hosting/Transit,"DigitalOcean, LLC",digitalocean.com,,false,309,118,2025-11-12T11:29:53+00:00
146.190.241.67,true,4,false,100,CA,,Data Center/Web Hosting/Transit,"DigitalOcean, LLC",digitalocean.com,,false,330,132,2025-11-12T04:00:46+00:00
137.184.169.247,true,4,false,100,CA,,Data Center/Web Hosting/Transit,"DigitalOcean, LLC",digitalocean.com,,false,321,129,2025-11-12T03:06:32+00:00
137.184.170.136,true,4,false,100,CA,,Data Center/Web Hosting/Transit,"DigitalOcean, LLC",digitalocean.com,,false,325,132,2025-11-12T12:39:44+00:00
159.89.147.161,true,4,false,100,US,,Data Center/Web Hosting/Transit,"DigitalOcean, LLC",digitalocean.com,,false,117,81,2025-11-12T07:30:28+00:00
209.38.136.79,true,4,false,100,US,,Data Center/Web Hosting/Transit,"DigitalOcean, LLC",digitalocean.com,,false,340,128,2025-11-12T11:32:41+00:00
143.198.75.35,true,4,false,100,US,,Data Center/Web Hosting/Transit,"DigitalOcean, LLC",digitalocean.com,,false,308,126,2025-11-12T12:40:19+00:00
67.207.95.230,true,4,false,100,US,,Data Center/Web Hosting/Transit,"DigitalOcean, LLC",digitalocean.com,ea3819fc3c.research-scanner.com,false,300,121,2025-11-12T13:14:13+00:00
143.198.64.48,true,4,false,100,US,,Data Center/Web Hosting/Transit,"DigitalOcean, LLC",digitalocean.com,,false,284,133,2025-11-12T09:00:18+00:00
159.65.187.4,true,4,false,100,US,,Data Center/Web Hosting/Transit,"DigitalOcean, LLC",digitalocean.com,,false,302,120,2025-11-12T12:10:10+00:00
138.68.150.191,true,4,false,100,GB,,Data Center/Web Hosting/Transit,"DigitalOcean, LLC",digitalocean.com,,false,326,131,2025-11-12T11:41:29+00:00
161.35.238.241,true,4,false,100,US,,Data Center/Web Hosting/Transit,"DigitalOcean, LLC",digitalocean.com,da019a7af6.research-scanner.com,false,279,127,2025-11-12T00:30:05+00:00
157.230.128.22,true,4,false,100,US,,Data Center/Web Hosting/Transit,"DigitalOcean, LLC",digitalocean.com,,false,137,91,2025-11-12T11:39:43+00:00
146.190.241.68,true,4,false,100,CA,,Data Center/Web Hosting/Transit,"DigitalOcean, LLC",digitalocean.com,,false,310,127,2025-11-12T08:09:55+00:00
129.212.180.243,true,4,false,100,US,,Data Center/Web Hosting/Transit,"DigitalOcean, LLC",digitalocean.com,,false,161,96,2025-11-12T06:11:50+00:00
138.197.131.20,true,4,false,100,CA,,Data Center/Web Hosting/Transit,"DigitalOcean, LLC",digitalocean.com,,false,346,143,2025-11-11T18:26:15+00:00
64.226.70.121,true,4,false,100,DE,,Data Center/Web Hosting/Transit,"DigitalOcean, LLC",digitalocean.com,,false,282,130,2025-11-12T12:31:12+00:00
137.184.135.133,true,4,false,100,US,,Data Center/Web Hosting/Transit,"DigitalOcean, LLC",digitalocean.com,,false,302,135,2025-11-12T11:25:21+00:00
167.71.102.181,true,4,false,100,US,,Data Center/Web Hosting/Transit,"DigitalOcean, LLC",digitalocean.com,a7e6a40074.research-scanner.com,false,313,128,2025-11-12T11:00:51+00:00
209.38.128.112,true,4,false,100,US,,Data Center/Web Hosting/Transit,"DigitalOcean, LLC",digitalocean.com,,false,279,134,2025-11-12T07:51:53+00:00
209.38.136.86,true,4,false,100,US,,Data Center/Web Hosting/Transit,"DigitalOcean, LLC",digitalocean.com,,false,313,127,2025-11-12T11:39:44+00:00
129.212.184.242,true,4,false,100,US,,Data Center/Web Hosting/Transit,"DigitalOcean, LLC",digitalocean.com,,false,148,85,2025-11-12T11:41:22+00:00
138.68.249.116,true,4,false,100,US,,Data Center/Web Hosting/Transit,"DigitalOcean, LLC",digitalocean.com,300b2485d0.research-scanner.com,false,256,118,2025-11-11T22:41:03+00:00
143.198.76.96,true,4,false,100,US,,Data Center/Web Hosting/Transit,"DigitalOcean, LLC",digitalocean.com,,false,272,125,2025-11-12T12:40:20+00:00
137.184.163.171,true,4,false,100,CA,,Data Center/Web Hosting/Transit,"DigitalOcean, LLC",digitalocean.com,,false,339,139,2025-11-12T10:29:01+00:00
178.128.66.109,true,4,false,100,US,,Data Center/Web Hosting/Transit,"DigitalOcean, LLC",digitalocean.com,a3a36d8ec3.research-scanner.com,false,278,128,2025-11-12T06:27:11+00:00
161.35.236.116,true,4,false,100,US,,Data Center/Web Hosting/Transit,"DigitalOcean, LLC",digitalocean.com,f6b7df9839.research-scanner.com,false,314,130,2025-11-12T00:11:34+00:00
159.223.203.97,true,4,false,100,US,,Data Center/Web Hosting/Transit,"DigitalOcean, LLC",digitalocean.com,ea665f510e.research-scanner.com,false,300,132,2025-11-12T13:36:21+00:00
129.212.188.167,true,4,false,100,US,,Data Center/Web Hosting/Transit,"DigitalOcean, LLC",digitalocean.com,,false,163,101,2025-11-12T07:51:21+00:00
137.184.174.149,true,4,false,100,CA,,Data Center/Web Hosting/Transit,"DigitalOcean, LLC",digitalocean.com,,false,316,125,2025-11-12T06:15:12+00:00
157.245.116.189,true,4,false,100,US,,Data Center/Web Hosting/Transit,"DigitalOcean, LLC",digitalocean.com,,false,297,140,2025-11-12T02:37:47+00:00
157.245.118.24,true,4,false,100,US,,Data Center/Web Hosting/Transit,"DigitalOcean, LLC",digitalocean.com,,false,326,141,2025-11-12T06:57:11+00:00
45.55.132.139,true,4,false,100,US,,Data Center/Web Hosting/Transit,"DigitalOcean, LLC",digitalocean.com,,false,317,143,2025-11-12T00:39:21+00:00
138.197.118.33,true,4,false,100,US,,Data Center/Web Hosting/Transit,"DigitalOcean, LLC",digitalocean.com,17eb4672b3.research-scanner.com,false,311,132,2025-11-12T07:20:11+00:00
138.68.134.113,true,4,false,100,GB,,Data Center/Web Hosting/Transit,"DigitalOcean, LLC",digitalocean.com,,false,300,126,2025-11-11T22:08:29+00:00
137.184.237.203,true,4,false,100,US,,Data Center/Web Hosting/Transit,"DigitalOcean, LLC",digitalocean.com,,false,316,131,2025-11-12T00:01:08+00:00
165.232.138.158,true,4,false,100,US,,Data Center/Web Hosting/Transit,"DigitalOcean, LLC",digitalocean.com,,false,287,130,2025-11-12T07:40:24+00:00
138.68.130.42,true,4,false,100,GB,,Data Center/Web Hosting/Transit,"DigitalOcean, LLC",digitalocean.com,,false,293,126,2025-11-12T04:15:39+00:00
165.232.66.142,true,4,false,100,DE,,Data Center/Web Hosting/Transit,"DigitalOcean, LLC",digitalocean.com,,false,318,137,2025-11-12T11:14:24+00:00
157.245.45.135,true,4,false,100,GB,,Data Center/Web Hosting/Transit,"DigitalOcean, LLC",digitalocean.com,,false,285,122,2025-11-12T12:41:57+00:00
104.131.8.116,true,4,false,100,US,,Data Center/Web Hosting/Transit,"DigitalOcean, LLC",digitalocean.com,,false,266,131,2025-11-12T00:47:14+00:00
138.197.131.7,true,4,false,100,CA,,Data Center/Web Hosting/Transit,"DigitalOcean, LLC",digitalocean.com,,false,280,129,2025-11-11T22:46:19+00:00
138.197.101.95,true,4,false,100,US,,Data Center/Web Hosting/Transit,"DigitalOcean, LLC",digitalocean.com,81e379a683.research-scanner.com,false,336,139,2025-11-12T15:11:08+00:00
167.71.46.248,true,4,false,100,DE,,Data Center/Web Hosting/Transit,"DigitalOcean, LLC",digitalocean.com,,false,316,122,2025-11-12T00:47:35+00:00
159.89.134.56,true,4,false,100,US,,Data Center/Web Hosting/Transit,"DigitalOcean, LLC",digitalocean.com,,false,166,87,2025-11-12T12:41:58+00:00
138.68.145.7,true,4,false,100,GB,,Data Center/Web Hosting/Transit,"DigitalOcean, LLC",digitalocean.com,,false,329,135,2025-11-12T07:20:10+00:00
167.71.110.14,true,4,false,100,US,,Data Center/Web Hosting/Transit,"DigitalOcean, LLC",digitalocean.com,92c4e0e514.research-scanner.com,false,296,130,2025-11-11T17:15:28+00:00
167.99.1.98,true,4,false,100,US,,Data Center/Web Hosting/Transit,"DigitalOcean, LLC",digitalocean.com,5f4f660652.research-scanner.com,false,340,138,2025-11-12T04:00:24+00:00
164.92.165.52,true,4,false,100,DE,,Data Center/Web Hosting/Transit,"DigitalOcean, LLC",digitalocean.com,,false,289,125,2025-11-11T23:56:54+00:00
167.172.116.219,true,4,false,100,US,,Data Center/Web Hosting/Transit,"DigitalOcean, LLC",digitalocean.com,,false,148,96,2025-11-11T22:29:11+00:00
104.131.8.56,true,4,false,100,US,,Data Center/Web Hosting/Transit,"DigitalOcean, LLC",digitalocean.com,,false,289,119,2025-11-12T12:10:50+00:00
137.184.161.227,true,4,false,100,CA,,Data Center/Web Hosting/Transit,"DigitalOcean, LLC",digitalocean.com,,false,336,133,2025-11-12T00:19:10+00:00
142.93.3.4,true,4,false,100,US,,Data Center/Web Hosting/Transit,"DigitalOcean, LLC",digitalocean.com,,false,294,126,2025-11-12T13:34:24+00:00
137.184.14.10,true,4,false,100,US,,Data Center/Web Hosting/Transit,"DigitalOcean, LLC",digitalocean.com,,false,295,121,2025-11-12T12:10:10+00:00
142.93.88.159,true,4,false,100,US,,Data Center/Web Hosting/Transit,"DigitalOcean, LLC",digitalocean.com,,false,189,101,2025-11-11T21:04:17+00:00
157.245.115.28,true,4,false,100,US,,Data Center/Web Hosting/Transit,"DigitalOcean, LLC",digitalocean.com,,false,329,138,2025-11-12T12:37:14+00:00
178.128.66.56,true,4,false,100,US,,Data Center/Web Hosting/Transit,"DigitalOcean, LLC",digitalocean.com,006e40f51a.research-scanner.com,false,268,124,2025-11-12T12:23:04+00:00
138.68.143.86,true,4,false,100,GB,,Data Center/Web Hosting/Transit,"DigitalOcean, LLC",digitalocean.com,,false,311,131,2025-11-12T02:19:37+00:00
157.245.125.255,true,4,false,100,US,,Data Center/Web Hosting/Transit,"DigitalOcean, LLC",digitalocean.com,,false,289,122,2025-11-11T18:42:15+00:00
137.184.169.162,true,4,false,100,CA,,Data Center/Web Hosting/Transit,"DigitalOcean, LLC",digitalocean.com,,false,333,127,2025-11-12T15:07:28+00:00
129.212.176.143,true,4,false,100,US,,Data Center/Web Hosting/Transit,"DigitalOcean, LLC",digitalocean.com,,false,169,98,2025-11-12T13:37:23+00:00
142.93.2.42,true,4,false,100,US,,Data Center/Web Hosting/Transit,"DigitalOcean, LLC",digitalocean.com,,false,303,123,2025-11-12T09:53:58+00:00
143.110.149.183,true,4,false,100,US,,Data Center/Web Hosting/Transit,"DigitalOcean, LLC",digitalocean.com,,false,323,147,2025-11-12T08:34:24+00:00
167.99.107.57,true,4,false,100,US,,Data Center/Web Hosting/Transit,"DigitalOcean, LLC",digitalocean.com,5b5593d5a9.research-scanner.com,false,274,114,2025-11-12T11:32:54+00:00
143.198.30.131,true,4,false,100,US,,Data Center/Web Hosting/Transit,"DigitalOcean, LLC",digitalocean.com,,false,312,120,2025-11-12T09:58:39+00:00
164.92.165.10,true,4,false,100,DE,,Data Center/Web Hosting/Transit,"DigitalOcean, LLC",digitalocean.com,,false,284,112,2025-11-12T12:31:17+00:00
143.198.64.110,true,4,false,100,US,,Data Center/Web Hosting/Transit,"DigitalOcean, LLC",digitalocean.com,,false,293,128,2025-11-11T18:07:44+00:00
165.232.129.254,true,4,false,100,US,,Data Center/Web Hosting/Transit,"DigitalOcean, LLC",digitalocean.com,,false,276,125,2025-11-12T00:44:57+00:00
161.35.230.183,true,4,false,100,US,,Data Center/Web Hosting/Transit,"DigitalOcean, LLC",digitalocean.com,f63e2ac286.research-scanner.com,false,313,132,2025-11-12T04:09:55+00:00
104.131.6.219,true,4,false,100,US,,Data Center/Web Hosting/Transit,"DigitalOcean, LLC",digitalocean.com,,false,287,125,2025-11-12T15:11:05+00:00
206.189.163.88,true,4,false,100,US,,Data Center/Web Hosting/Transit,"DigitalOcean, LLC",digitalocean.com,,false,124,75,2025-11-12T06:27:06+00:00
209.38.144.40,true,4,false,100,US,,Data Center/Web Hosting/Transit,"DigitalOcean, LLC",digitalocean.com,,false,280,121,2025-11-12T11:03:10+00:00
137.184.238.238,true,4,false,100,US,,Data Center/Web Hosting/Transit,"DigitalOcean, LLC",digitalocean.com,,false,305,138,2025-11-12T07:00:14+00:00
161.35.56.30,true,4,false,100,US,,Data Center/Web Hosting/Transit,"DigitalOcean, LLC",digitalocean.com,d214e39804.research-scanner.com,false,313,133,2025-11-12T08:30:12+00:00
143.198.30.148,true,4,false,100,US,,Data Center/Web Hosting/Transit,"DigitalOcean, LLC",digitalocean.com,,false,325,147,2025-11-11T23:09:09+00:00
143.110.150.233,true,4,false,100,US,,Data Center/Web Hosting/Transit,"DigitalOcean, LLC",digitalocean.com,,false,279,125,2025-11-12T11:03:33+00:00
164.92.168.97,true,4,false,100,DE,,Data Center/Web Hosting/Transit,"DigitalOcean, LLC",digitalocean.com,,false,292,128,2025-11-12T01:01:17+00:00
142.93.7.213,true,4,false,100,US,,Data Center/Web Hosting/Transit,"DigitalOcean, LLC",digitalocean.com,,false,291,129,2025-11-12T02:20:06+00:00
157.245.176.143,true,4,false,100,US,,Data Center/Web Hosting/Transit,"DigitalOcean, LLC",digitalocean.com,94f2eca7df.research-scanner.com,false,297,120,2025-11-12T03:25:12+00:00
143.198.70.32,true,4,false,100,US,,Data Center/Web Hosting/Transit,"DigitalOcean, LLC",digitalocean.com,,false,286,126,2025-11-12T04:00:15+00:00
64.225.44.164,true,4,false,100,US,,Data Center/Web Hosting/Transit,"DigitalOcean, LLC",digitalocean.com,,false,143,91,2025-11-12T07:06:57+00:00
142.93.0.54,true,4,false,100,US,,Data Center/Web Hosting/Transit,"DigitalOcean, LLC",digitalocean.com,,false,290,126,2025-11-12T06:25:01+00:00
146.190.241.65,true,4,false,100,CA,,Data Center/Web Hosting/Transit,"DigitalOcean, LLC",digitalocean.com,,false,281,123,2025-11-12T08:22:41+00:00
129.212.186.47,true,4,false,100,US,,Data Center/Web Hosting/Transit,"DigitalOcean, LLC",digitalocean.com,,false,139,86,2025-11-12T11:28:38+00:00
174.138.51.203,true,4,false,100,US,,Data Center/Web Hosting/Transit,"DigitalOcean, LLC",digitalocean.com,,false,324,141,2025-11-12T07:00:09+00:00
209.38.136.94,true,4,false,100,US,,Data Center/Web Hosting/Transit,"DigitalOcean, LLC",digitalocean.com,,false,304,128,2025-11-12T11:00:40+00:00
137.184.12.175,true,4,false,100,US,,Data Center/Web Hosting/Transit,"DigitalOcean, LLC",digitalocean.com,,false,294,126,2025-11-12T09:01:13+00:00
157.245.35.75,true,4,false,100,GB,,Data Center/Web Hosting/Transit,"DigitalOcean, LLC",digitalocean.com,,false,313,129,2025-11-12T13:36:20+00:00
142.93.13.102,true,4,false,100,US,,Data Center/Web Hosting/Transit,"DigitalOcean, LLC",digitalocean.com,,false,320,134,2025-11-12T00:23:46+00:00
